id;nom
1;Ines Vincent
2;Ahmed Ayari
3;Ali Khazri
4;Marie Miled
5;Thomas Miled
6;Lea Garcia
7;Antoine Moreau
8;Julien Laurent
9;Lea Simon
10;Camille Trabelsi
11;Julien Martin
12;Karim Petit
13;Julien Ben Ali
14;Mehdi Gharbi
15;Nicolas Jlassi
16;Fatima Roux
17;Julie Gharbi
18;Thomas Ben Ali
19;Paul Ben Salah
20;Chloe Lefevre
21;Sarah Miled
22;Marie Bernard
23;Amina Laurent
24;Karim Lefevre
25;Ali Lefevre
26;Hugo Simon
27;Jean Fournier
28;Julie David
29;Luc Jlassi
30;Pierre Bernard
31;Ines Jlassi
32;Thomas Fournier
33;Youssef Martin
34;Ali Vincent
35;Sarah Dubois
36;Jean Roux
37;Nicolas David
38;Thomas Garcia
39;Paul Khazri
40;Julie Roux
41;Antoine Laurent
42;Marie Dupont
43;Lea Jlassi
44;Nicolas Ben Ali
45;Karim Roux
46;Pierre Laurent
47;Nicolas Garcia
48;Ali Leroy
49;Sophie Dupont
50;Marie Michel
51;Lea Trabelsi
52;Sophie Ben Salah
53;Antoine Khazri
54;Amina Simon
55;Chloe Roux
56;Karim Michel
57;Ali Bernard
58;Fatima Michel
59;Fatima David
60;Julien Fournier
61;Ines Ayari
62;Marie Simon
63;Chloe Laurent
64;Julien Petit
65;Camille David
66;Lucas Petit
67;Thomas Khazri
68;Pierre Garcia
69;Nicolas Khazri
70;Pierre Petit
71;Hugo Moreau
72;Emma Petit
73;Nicolas Moreau
74;Camille Ben Salah
75;Hugo Trabelsi
76;Thomas Roux
77;Luc Ben Ali
78;Amina Miled
79;Nicolas Bernard
80;Paul Riahi
81;Jean Dubois
82;Chloe Khazri
83;Manon Dupont
84;Youssef Lefevre
85;Lucas Dupont
86;Emma Roux
87;Camille Michel
88;Paul Laurent
89;Antoine Dubois
90;Lucas Simon
91;Fatima Ben Salah
92;Youssef Riahi
93;Emma Vincent
94;Sarah Khazri
95;Thomas Trabelsi
96;Julie Khazri
97;Julien Simon
98;Camille Miled
99;Lucas Ben Salah
100;Paul Jlassi
101;Antoine Lefevre
102;Mehdi Martin
103;Ali Ayari
104;Fatima Dupont
105;Ahmed Riahi
106;Emma Jlassi
107;Sophie Garcia
108;Fatima Lefevre
109;Amina Vincent
110;Mehdi Simon
111;Ahmed Michel
112;Hassan Moreau
113;Lea Khazri
114;Ines Lefevre
115;Julie Garcia
116;Ahmed Ben Ali
117;Ahmed Fournier
118;Paul Garcia
119;Mehdi Leroy
120;Manon Riahi
121;Lucas Dubois
122;Lucas Miled
123;Ali Laurent
124;Julie Jlassi
125;Pierre Miled
126;Lucas Moreau
127;Paul Martin
128;Jean Lefevre
129;Pierre Fournier
130;Jean Riahi
131;Karim Dupont
132;Julie Dupont
133;Karim Laurent
134;Antoine Leroy
135;Pierre Gharbi
136;Ahmed Gharbi
137;Mehdi Michel
138;Lucas Bernard
139;Emma Laurent
140;Ahmed Jlassi
141;Hassan Lefevre
142;Thomas Laurent
143;Julie Leroy
144;Emma Fournier
145;Sophie Fournier
146;Emma Riahi
147;Camille Roux
148;Pierre Ayari
149;Ahmed Trabelsi
150;Youssef Michel
151;Youssef Moreau
152;Ines Laurent
153;Sarah Petit
154;Julien Jlassi
155;Julien Vincent
156;Paul Simon
157;Marie Ben Ali
158;Ali Jlassi
159;Julien Garcia
160;Luc Dubois
161;Emma Michel
162;Lea Michel
163;Lucas Khazri
164;Lucas Lefevre
165;Hassan Ayari
166;Lea Fournier
167;Manon Michel
168;Julien Trabelsi
169;Sarah Dupont
170;Marie Dubois
171;Amina Ben Ali
172;Amina Lefevre
173;Antoine Riahi
174;Mehdi Trabelsi
175;Luc Miled
176;Ines Dupont
177;Sophie Roux
178;Thomas Dubois
179;Hassan Bernard
180;Julie Laurent
181;Emma Khazri
182;Hugo Ben Ali
183;Emma Lefevre
184;Paul Ayari
185;Amina Moreau
186;Hugo Lefevre
187;Ali Riahi
188;Ines Garcia
189;Sophie Lefevre
190;Hassan Garcia
191;Sophie Dubois
192;Paul Trabelsi
193;Nicolas Leroy
194;Sophie Martin
195;Manon Miled
196;Lea Vincent
197;Ali Michel
198;Paul Leroy
199;Youssef Leroy
200;Julien Dubois
